tid,type,pkg_no,date,time,market,variety,contract,price,match_qty,turnover,interest,BP5,BV5,BP4,BV4,BP3,BV3,BP2,BV2,BP1,BV1,SP1,SV1,SP2,SV2,SP3,SV3,SP4,SV4,SP5,SV5,open,close,high,low,pre_close,limit_up,limit_down,mstime,recv_time,multi
201,0,0,,,,,m,0.000000,0,0.000000,0.000000,0.000000,0,0.000000,0,0.000000,0,0.000000,0,0.000000,0,0.000000,0,0.000000,0,0.000000,0,0.000000,0,0.000000,0,0.000000,0.000000,0.000000,0.000000,0.000000,0.000000,0.000000,0,0,0
201,0,1,,,,,m,0.000000,0,0.000000,0.000000,0.000000,0,0.000000,0,0.000000,0,0.000000,0,0.000000,0,0.000000,0,0.000000,0,0.000000,0,0.000000,0,0.000000,0,0.000000,0.000000,0.000000,0.000000,0.000000,0.000000,0.000000,0,0,0
201,0,2,,,,,m,0.000000,0,0.000000,0.000000,0.000000,0,0.000000,0,0.000000,0,0.000000,0,0.000000,0,0.000000,0,0.000000,0,0.000000,0,0.000000,0,0.000000,0,0.000000,0.000000,0.000000,0.000000,0.000000,0.000000,0.000000,0,0,0
201,0,3,,,,,m,0.000000,0,0.000000,0.000000,0.000000,0,0.000000,0,0.000000,0,0.000000,0,0.000000,0,0.000000,0,0.000000,0,0.000000,0,0.000000,0,0.000000,0,0.000000,0.000000,0.000000,0.000000,0.000000,0.000000,0.000000,0,0,0
201,0,4,,,,,m,0.000000,0,0.000000,0.000000,0.000000,0,0.000000,0,0.000000,0,0.000000,0,0.000000,0,0.000000,0,0.000000,0,0.000000,0,0.000000,0,0.000000,0,0.000000,0.000000,0.000000,0.000000,0.000000,0.000000,0.000000,0,0,0
201,0,5,,,,,m,0.000000,0,0.000000,0.000000,0.000000,0,0.000000,0,0.000000,0,0.000000,0,0.000000,0,0.000000,0,0.000000,0,0.000000,0,0.000000,0,0.000000,0,0.000000,0.000000,0.000000,0.000000,0.000000,0.000000,0.000000,0,0,0
201,0,6,,,,,m,0.000000,0,0.000000,0.000000,0.000000,0,0.000000,0,0.000000,0,0.000000,0,0.000000,0,0.000000,0,0.000000,0,0.000000,0,0.000000,0,0.000000,0,0.000000,0.000000,0.000000,0.000000,0.000000,0.000000,0.000000,0,0,0
201,0,7,,,,,m,0.000000,0,0.000000,0.000000,0.000000,0,0.000000,0,0.000000,0,0.000000,0,0.000000,0,0.000000,0,0.000000,0,0.000000,0,0.000000,0,0.000000,0,0.000000,0.000000,0.000000,0.000000,0.000000,0.000000,0.000000,0,0,0
201,0,8,,,,,m,0.000000,0,0.000000,0.000000,0.000000,0,0.000000,0,0.000000,0,0.000000,0,0.000000,0,0.000000,0,0.000000,0,0.000000,0,0.000000,0,0.000000,0,0.000000,0.000000,0.000000,0.000000,0.000000,0.000000,0.000000,0,0,0
201,0,9,,,,,m,0.000000,0,0.000000,0.000000,0.000000,0,0.000000,0,0.000000,0,0.000000,0,0.000000,0,0.000000,0,0.000000,0,0.000000,0,0.000000,0,0.000000,0,0.000000,0.000000,0.000000,0.000000,0.000000,0.000000,0.000000,0,0,0
201,0,10,,,,,m,0.000000,0,0.000000,0.000000,0.000000,0,0.000000,0,0.000000,0,0.000000,0,0.000000,0,0.000000,0,0.000000,0,0.000000,0,0.000000,0,0.000000,0,0.000000,0.000000,0.000000,0.000000,0.000000,0.000000,0.000000,0,0,0
201,0,11,,,,,m,0.000000,0,0.000000,0.000000,0.000000,0,0.000000,0,0.000000,0,0.000000,0,0.000000,0,0.000000,0,0.000000,0,0.000000,0,0.000000,0,0.000000,0,0.000000,0.000000,0.000000,0.000000,0.000000,0.000000,0.000000,0,0,0
201,0,12,,,,,m,0.000000,0,0.000000,0.000000,0.000000,0,0.000000,0,0.000000,0,0.000000,0,0.000000,0,0.000000,0,0.000000,0,0.000000,0,0.000000,0,0.000000,0,0.000000,0.000000,0.000000,0.000000,0.000000,0.000000,0.000000,0,0,0
201,0,13,,,,,m,0.000000,0,0.000000,0.000000,0.000000,0,0.000000,0,0.000000,0,0.000000,0,0.000000,0,0.000000,0,0.000000,0,0.000000,0,0.000000,0,0.000000,0,0.000000,0.000000,0.000000,0.000000,0.000000,0.000000,0.000000,0,0,0
201,0,14,,,,,m,0.000000,0,0.000000,0.000000,0.000000,0,0.000000,0,0.000000,0,0.000000,0,0.000000,0,0.000000,0,0.000000,0,0.000000,0,0.000000,0,0.000000,0,0.000000,0.000000,0.000000,0.000000,0.000000,0.000000,0.000000,0,0,0
201,0,15,,,,,m,0.000000,0,0.000000,0.000000,0.000000,0,0.000000,0,0.000000,0,0.000000,0,0.000000,0,0.000000,0,0.000000,0,0.000000,0,0.000000,0,0.000000,0,0.000000,0.000000,0.000000,0.000000,0.000000,0.000000,0.000000,0,0,0
201,0,16,,,,,m,0.000000,0,0.000000,0.000000,0.000000,0,0.000000,0,0.000000,0,0.000000,0,0.000000,0,0.000000,0,0.000000,0,0.000000,0,0.000000,0,0.000000,0,0.000000,0.000000,0.000000,0.000000,0.000000,0.000000,0.000000,0,0,0
201,0,17,,,,,m,0.000000,0,0.000000,0.000000,0.000000,0,0.000000,0,0.000000,0,0.000000,0,0.000000,0,0.000000,0,0.000000,0,0.000000,0,0.000000,0,0.000000,0,0.000000,0.000000,0.000000,0.000000,0.000000,0.000000,0.000000,0,0,0
201,0,18,,,,,m,0.000000,0,0.000000,0.000000,0.000000,0,0.000000,0,0.000000,0,0.000000,0,0.000000,0,0.000000,0,0.000000,0,0.000000,0,0.000000,0,0.000000,0,0.000000,0.000000,0.000000,0.000000,0.000000,0.000000,0.000000,0,0,0
201,0,19,,,,,m,0.000000,0,0.000000,0.000000,0.000000,0,0.000000,0,0.000000,0,0.000000,0,0.000000,0,0.000000,0,0.000000,0,0.000000,0,0.000000,0,0.000000,0,0.000000,0.000000,0.000000,0.000000,0.000000,0.000000,0.000000,0,0,0
201,0,20,,,,,m,0.000000,0,0.000000,0.000000,0.000000,0,0.000000,0,0.000000,0,0.000000,0,0.000000,0,0.000000,0,0.000000,0,0.000000,0,0.000000,0,0.000000,0,0.000000,0.000000,0.000000,0.000000,0.000000,0.000000,0.000000,0,0,0
201,0,21,,,,,m,0.000000,0,0.000000,0.000000,0.000000,0,0.000000,0,0.000000,0,0.000000,0,0.000000,0,0.000000,0,0.000000,0,0.000000,0,0.000000,0,0.000000,0,0.000000,0.000000,0.000000,0.000000,0.000000,0.000000,0.000000,0,0,0
201,0,22,,,,,m,0.000000,0,0.000000,0.000000,0.000000,0,0.000000,0,0.000000,0,0.000000,0,0.000000,0,0.000000,0,0.000000,0,0.000000,0,0.000000,0,0.000000,0,0.000000,0.000000,0.000000,0.000000,0.000000,0.000000,0.000000,0,0,0
201,0,23,,,,,m,0.000000,0,0.000000,0.000000,0.000000,0,0.000000,0,0.000000,0,0.000000,0,0.000000,0,0.000000,0,0.000000,0,0.000000,0,0.000000,0,0.000000,0,0.000000,0.000000,0.000000,0.000000,0.000000,0.000000,0.000000,0,0,0
201,0,24,,,,,m,0.000000,0,0.000000,0.000000,0.000000,0,0.000000,0,0.000000,0,0.000000,0,0.000000,0,0.000000,0,0.000000,0,0.000000,0,0.000000,0,0.000000,0,0.000000,0.000000,0.000000,0.000000,0.000000,0.000000,0.000000,0,0,0
201,0,25,,,,,m,0.000000,0,0.000000,0.000000,0.000000,0,0.000000,0,0.000000,0,0.000000,0,0.000000,0,0.000000,0,0.000000,0,0.000000,0,0.000000,0,0.000000,0,0.000000,0.000000,0.000000,0.000000,0.000000,0.000000,0.000000,0,0,0
201,0,26,,,,,m,0.000000,0,0.000000,0.000000,0.000000,0,0.000000,0,0.000000,0,0.000000,0,0.000000,0,0.000000,0,0.000000,0,0.000000,0,0.000000,0,0.000000,0,0.000000,0.000000,0.000000,0.000000,0.000000,0.000000,0.000000,0,0,0
201,0,27,,,,,m,0.000000,0,0.000000,0.000000,0.000000,0,0.000000,0,0.000000,0,0.000000,0,0.000000,0,0.000000,0,0.000000,0,0.000000,0,0.000000,0,0.000000,0,0.000000,0.000000,0.000000,0.000000,0.000000,0.000000,0.000000,0,0,0
201,0,28,,,,,m,0.000000,0,0.000000,0.000000,0.000000,0,0.000000,0,0.000000,0,0.000000,0,0.000000,0,0.000000,0,0.000000,0,0.000000,0,0.000000,0,0.000000,0,0.000000,0.000000,0.000000,0.000000,0.000000,0.000000,0.000000,0,0,0
201,0,29,,,,,m,0.000000,0,0.000000,0.000000,0.000000,0,0.000000,0,0.000000,0,0.000000,0,0.000000,0,0.000000,0,0.000000,0,0.000000,0,0.000000,0,0.000000,0,0.000000,0.000000,0.000000,0.000000,0.000000,0.000000,0.000000,0,0,0
201,0,30,,,,,m,0.000000,0,0.000000,0.000000,0.000000,0,0.000000,0,0.000000,0,0.000000,0,0.000000,0,0.000000,0,0.000000,0,0.000000,0,0.000000,0,0.000000,0,0.000000,0.000000,0.000000,0.000000,0.000000,0.000000,0.000000,0,0,0
201,0,31,,,,,m,0.000000,0,0.000000,0.000000,0.000000,0,0.000000,0,0.000000,0,0.000000,0,0.000000,0,0.000000,0,0.000000,0,0.000000,0,0.000000,0,0.000000,0,0.000000,0.000000,0.000000,0.000000,0.000000,0.000000,0.000000,0,0,0
201,0,32,,,,,m,0.000000,0,0.000000,0.000000,0.000000,0,0.000000,0,0.000000,0,0.000000,0,0.000000,0,0.000000,0,0.000000,0,0.000000,0,0.000000,0,0.000000,0,0.000000,0.000000,0.000000,0.000000,0.000000,0.000000,0.000000,0,0,0
201,0,33,,,,,m,0.000000,0,0.000000,0.000000,0.000000,0,0.000000,0,0.000000,0,0.000000,0,0.000000,0,0.000000,0,0.000000,0,0.000000,0,0.000000,0,0.000000,0,0.000000,0.000000,0.000000,0.000000,0.000000,0.000000,0.000000,0,0,0
201,0,34,,,,,m,0.000000,0,0.000000,0.000000,0.000000,0,0.000000,0,0.000000,0,0.000000,0,0.000000,0,0.000000,0,0.000000,0,0.000000,0,0.000000,0,0.000000,0,0.000000,0.000000,0.000000,0.000000,0.000000,0.000000,0.000000,0,0,0
201,0,35,,,,,m,0.000000,0,0.000000,0.000000,0.000000,0,0.000000,0,0.000000,0,0.000000,0,0.000000,0,0.000000,0,0.000000,0,0.000000,0,0.000000,0,0.000000,0,0.000000,0.000000,0.000000,0.000000,0.000000,0.000000,0.000000,0,0,0
201,0,36,,,,,m,0.000000,0,0.000000,0.000000,0.000000,0,0.000000,0,0.000000,0,0.000000,0,0.000000,0,0.000000,0,0.000000,0,0.000000,0,0.000000,0,0.000000,0,0.000000,0.000000,0.000000,0.000000,0.000000,0.000000,0.000000,0,0,0
201,0,37,,,,,m,0.000000,0,0.000000,0.000000,0.000000,0,0.000000,0,0.000000,0,0.000000,0,0.000000,0,0.000000,0,0.000000,0,0.000000,0,0.000000,0,0.000000,0,0.000000,0.000000,0.000000,0.000000,0.000000,0.000000,0.000000,0,0,0
201,0,38,,,,,m,0.000000,0,0.000000,0.000000,0.000000,0,0.000000,0,0.000000,0,0.000000,0,0.000000,0,0.000000,0,0.000000,0,0.000000,0,0.000000,0,0.000000,0,0.000000,0.000000,0.000000,0.000000,0.000000,0.000000,0.000000,0,0,0
201,0,39,,,,,m,0.000000,0,0.000000,0.000000,0.000000,0,0.000000,0,0.000000,0,0.000000,0,0.000000,0,0.000000,0,0.000000,0,0.000000,0,0.000000,0,0.000000,0,0.000000,0.000000,0.000000,0.000000,0.000000,0.000000,0.000000,0,0,0
201,0,40,,,,,m,0.000000,0,0.000000,0.000000,0.000000,0,0.000000,0,0.000000,0,0.000000,0,0.000000,0,0.000000,0,0.000000,0,0.000000,0,0.000000,0,0.000000,0,0.000000,0.000000,0.000000,0.000000,0.000000,0.000000,0.000000,0,0,0
201,0,41,,,,,m,0.000000,0,0.000000,0.000000,0.000000,0,0.000000,0,0.000000,0,0.000000,0,0.000000,0,0.000000,0,0.000000,0,0.000000,0,0.000000,0,0.000000,0,0.000000,0.000000,0.000000,0.000000,0.000000,0.000000,0.000000,0,0,0
201,0,42,,,,,m,0.000000,0,0.000000,0.000000,0.000000,0,0.000000,0,0.000000,0,0.000000,0,0.000000,0,0.000000,0,0.000000,0,0.000000,0,0.000000,0,0.000000,0,0.000000,0.000000,0.000000,0.000000,0.000000,0.000000,0.000000,0,0,0
201,0,43,,,,,m,0.000000,0,0.000000,0.000000,0.000000,0,0.000000,0,0.000000,0,0.000000,0,0.000000,0,0.000000,0,0.000000,0,0.000000,0,0.000000,0,0.000000,0,0.000000,0.000000,0.000000,0.000000,0.000000,0.000000,0.000000,0,0,0
201,0,44,,,,,m,0.000000,0,0.000000,0.000000,0.000000,0,0.000000,0,0.000000,0,0.000000,0,0.000000,0,0.000000,0,0.000000,0,0.000000,0,0.000000,0,0.000000,0,0.000000,0.000000,0.000000,0.000000,0.000000,0.000000,0.000000,0,0,0
201,0,45,,,,,m,0.000000,0,0.000000,0.000000,0.000000,0,0.000000,0,0.000000,0,0.000000,0,0.000000,0,0.000000,0,0.000000,0,0.000000,0,0.000000,0,0.000000,0,0.000000,0.000000,0.000000,0.000000,0.000000,0.000000,0.000000,0,0,0
201,0,46,,,,,m,0.000000,0,0.000000,0.000000,0.000000,0,0.000000,0,0.000000,0,0.000000,0,0.000000,0,0.000000,0,0.000000,0,0.000000,0,0.000000,0,0.000000,0,0.000000,0.000000,0.000000,0.000000,0.000000,0.000000,0.000000,0,0,0
201,0,47,,,,,m,0.000000,0,0.000000,0.000000,0.000000,0,0.000000,0,0.000000,0,0.000000,0,0.000000,0,0.000000,0,0.000000,0,0.000000,0,0.000000,0,0.000000,0,0.000000,0.000000,0.000000,0.000000,0.000000,0.000000,0.000000,0,0,0
201,0,48,,,,,m,0.000000,0,0.000000,0.000000,0.000000,0,0.000000,0,0.000000,0,0.000000,0,0.000000,0,0.000000,0,0.000000,0,0.000000,0,0.000000,0,0.000000,0,0.000000,0.000000,0.000000,0.000000,0.000000,0.000000,0.000000,0,0,0
201,0,49,,,,,m,0.000000,0,0.000000,0.000000,0.000000,0,0.000000,0,0.000000,0,0.000000,0,0.000000,0,0.000000,0,0.000000,0,0.000000,0,0.000000,0,0.000000,0,0.000000,0.000000,0.000000,0.000000,0.000000,0.000000,0.000000,0,0,0
201,0,50,,,,,m,0.000000,0,0.000000,0.000000,0.000000,0,0.000000,0,0.000000,0,0.000000,0,0.000000,0,0.000000,0,0.000000,0,0.000000,0,0.000000,0,0.000000,0,0.000000,0.000000,0.000000,0.000000,0.000000,0.000000,0.000000,0,0,0
201,0,51,,,,,m,0.000000,0,0.000000,0.000000,0.000000,0,0.000000,0,0.000000,0,0.000000,0,0.000000,0,0.000000,0,0.000000,0,0.000000,0,0.000000,0,0.000000,0,0.000000,0.000000,0.000000,0.000000,0.000000,0.000000,0.000000,0,0,0
201,0,52,,,,,m,0.000000,0,0.000000,0.000000,0.000000,0,0.000000,0,0.000000,0,0.000000,0,0.000000,0,0.000000,0,0.000000,0,0.000000,0,0.000000,0,0.000000,0,0.000000,0.000000,0.000000,0.000000,0.000000,0.000000,0.000000,0,0,0
201,0,53,,,,,m,0.000000,0,0.000000,0.000000,0.000000,0,0.000000,0,0.000000,0,0.000000,0,0.000000,0,0.000000,0,0.000000,0,0.000000,0,0.000000,0,0.000000,0,0.000000,0.000000,0.000000,0.000000,0.000000,0.000000,0.000000,0,0,0
201,0,54,,,,,m,0.000000,0,0.000000,0.000000,0.000000,0,0.000000,0,0.000000,0,0.000000,0,0.000000,0,0.000000,0,0.000000,0,0.000000,0,0.000000,0,0.000000,0,0.000000,0.000000,0.000000,0.000000,0.000000,0.000000,0.000000,0,0,0
201,0,55,,,,,m,0.000000,0,0.000000,0.000000,0.000000,0,0.000000,0,0.000000,0,0.000000,0,0.000000,0,0.000000,0,0.000000,0,0.000000,0,0.000000,0,0.000000,0,0.000000,0.000000,0.000000,0.000000,0.000000,0.000000,0.000000,0,0,0
201,0,56,,,,,m,0.000000,0,0.000000,0.000000,0.000000,0,0.000000,0,0.000000,0,0.000000,0,0.000000,0,0.000000,0,0.000000,0,0.000000,0,0.000000,0,0.000000,0,0.000000,0.000000,0.000000,0.000000,0.000000,0.000000,0.000000,0,0,0
201,0,57,,,,,m,0.000000,0,0.000000,0.000000,0.000000,0,0.000000,0,0.000000,0,0.000000,0,0.000000,0,0.000000,0,0.000000,0,0.000000,0,0.000000,0,0.000000,0,0.000000,0.000000,0.000000,0.000000,0.000000,0.000000,0.000000,0,0,0
201,0,58,,,,,m,0.000000,0,0.000000,0.000000,0.000000,0,0.000000,0,0.000000,0,0.000000,0,0.000000,0,0.000000,0,0.000000,0,0.000000,0,0.000000,0,0.000000,0,0.000000,0.000000,0.000000,0.000000,0.000000,0.000000,0.000000,0,0,0
201,0,59,,,,,m,0.000000,0,0.000000,0.000000,0.000000,0,0.000000,0,0.000000,0,0.000000,0,0.000000,0,0.000000,0,0.000000,0,0.000000,0,0.000000,0,0.000000,0,0.000000,0.000000,0.000000,0.000000,0.000000,0.000000,0.000000,0,0,0
201,0,60,,,,,m,0.000000,0,0.000000,0.000000,0.000000,0,0.000000,0,0.000000,0,0.000000,0,0.000000,0,0.000000,0,0.000000,0,0.000000,0,0.000000,0,0.000000,0,0.000000,0.000000,0.000000,0.000000,0.000000,0.000000,0.000000,0,0,0
201,0,61,,,,,m,0.000000,0,0.000000,0.000000,0.000000,0,0.000000,0,0.000000,0,0.000000,0,0.000000,0,0.000000,0,0.000000,0,0.000000,0,0.000000,0,0.000000,0,0.000000,0.000000,0.000000,0.000000,0.000000,0.000000,0.000000,0,0,0
201,0,62,,,,,m,0.000000,0,0.000000,0.000000,0.000000,0,0.000000,0,0.000000,0,0.000000,0,0.000000,0,0.000000,0,0.000000,0,0.000000,0,0.000000,0,0.000000,0,0.000000,0.000000,0.000000,0.000000,0.000000,0.000000,0.000000,0,0,0
201,0,63,,,,,m,0.000000,0,0.000000,0.000000,0.000000,0,0.000000,0,0.000000,0,0.000000,0,0.000000,0,0.000000,0,0.000000,0,0.000000,0,0.000000,0,0.000000,0,0.000000,0.000000,0.000000,0.000000,0.000000,0.000000,0.000000,0,0,0
201,0,64,,,,,m,0.000000,0,0.000000,0.000000,0.000000,0,0.000000,0,0.000000,0,0.000000,0,0.000000,0,0.000000,0,0.000000,0,0.000000,0,0.000000,0,0.000000,0,0.000000,0.000000,0.000000,0.000000,0.000000,0.000000,0.000000,0,0,0
201,0,65,,,,,m,0.000000,0,0.000000,0.000000,0.000000,0,0.000000,0,0.000000,0,0.000000,0,0.000000,0,0.000000,0,0.000000,0,0.000000,0,0.000000,0,0.000000,0,0.000000,0.000000,0.000000,0.000000,0.000000,0.000000,0.000000,0,0,0
201,0,66,,,,,m,0.000000,0,0.000000,0.000000,0.000000,0,0.000000,0,0.000000,0,0.000000,0,0.000000,0,0.000000,0,0.000000,0,0.000000,0,0.000000,0,0.000000,0,0.000000,0.000000,0.000000,0.000000,0.000000,0.000000,0.000000,0,0,0
201,0,67,,,,,m,0.000000,0,0.000000,0.000000,0.000000,0,0.000000,0,0.000000,0,0.000000,0,0.000000,0,0.000000,0,0.000000,0,0.000000,0,0.000000,0,0.000000,0,0.000000,0.000000,0.000000,0.000000,0.000000,0.000000,0.000000,0,0,0
201,0,68,,,,,m,0.000000,0,0.000000,0.000000,0.000000,0,0.000000,0,0.000000,0,0.000000,0,0.000000,0,0.000000,0,0.000000,0,0.000000,0,0.000000,0,0.000000,0,0.000000,0.000000,0.000000,0.000000,0.000000,0.000000,0.000000,0,0,0
201,0,69,,,,,m,0.000000,0,0.000000,0.000000,0.000000,0,0.000000,0,0.000000,0,0.000000,0,0.000000,0,0.000000,0,0.000000,0,0.000000,0,0.000000,0,0.000000,0,0.000000,0.000000,0.000000,0.000000,0.000000,0.000000,0.000000,0,0,0
201,0,70,,,,,m,0.000000,0,0.000000,0.000000,0.000000,0,0.000000,0,0.000000,0,0.000000,0,0.000000,0,0.000000,0,0.000000,0,0.000000,0,0.000000,0,0.000000,0,0.000000,0.000000,0.000000,0.000000,0.000000,0.000000,0.000000,0,0,0
201,0,71,,,,,m,0.000000,0,0.000000,0.000000,0.000000,0,0.000000,0,0.000000,0,0.000000,0,0.000000,0,0.000000,0,0.000000,0,0.000000,0,0.000000,0,0.000000,0,0.000000,0.000000,0.000000,0.000000,0.000000,0.000000,0.000000,0,0,0
201,0,72,,,,,m,0.000000,0,0.000000,0.000000,0.000000,0,0.000000,0,0.000000,0,0.000000,0,0.000000,0,0.000000,0,0.000000,0,0.000000,0,0.000000,0,0.000000,0,0.000000,0.000000,0.000000,0.000000,0.000000,0.000000,0.000000,0,0,0
201,0,73,,,,,m,0.000000,0,0.000000,0.000000,0.000000,0,0.000000,0,0.000000,0,0.000000,0,0.000000,0,0.000000,0,0.000000,0,0.000000,0,0.000000,0,0.000000,0,0.000000,0.000000,0.000000,0.000000,0.000000,0.000000,0.000000,0,0,0
201,0,74,,,,,m,0.000000,0,0.000000,0.000000,0.000000,0,0.000000,0,0.000000,0,0.000000,0,0.000000,0,0.000000,0,0.000000,0,0.000000,0,0.000000,0,0.000000,0,0.000000,0.000000,0.000000,0.000000,0.000000,0.000000,0.000000,0,0,0
201,0,75,,,,,m,0.000000,0,0.000000,0.000000,0.000000,0,0.000000,0,0.000000,0,0.000000,0,0.000000,0,0.000000,0,0.000000,0,0.000000,0,0.000000,0,0.000000,0,0.000000,0.000000,0.000000,0.000000,0.000000,0.000000,0.000000,0,0,0
201,0,76,,,,,m,0.000000,0,0.000000,0.000000,0.000000,0,0.000000,0,0.000000,0,0.000000,0,0.000000,0,0.000000,0,0.000000,0,0.000000,0,0.000000,0,0.000000,0,0.000000,0.000000,0.000000,0.000000,0.000000,0.000000,0.000000,0,0,0
201,0,77,,,,,m,0.000000,0,0.000000,0.000000,0.000000,0,0.000000,0,0.000000,0,0.000000,0,0.000000,0,0.000000,0,0.000000,0,0.000000,0,0.000000,0,0.000000,0,0.000000,0.000000,0.000000,0.000000,0.000000,0.000000,0.000000,0,0,0
201,0,78,,,,,m,0.000000,0,0.000000,0.000000,0.000000,0,0.000000,0,0.000000,0,0.000000,0,0.000000,0,0.000000,0,0.000000,0,0.000000,0,0.000000,0,0.000000,0,0.000000,0.000000,0.000000,0.000000,0.000000,0.000000,0.000000,0,0,0
201,0,79,,,,,m,0.000000,0,0.000000,0.000000,0.000000,0,0.000000,0,0.000000,0,0.000000,0,0.000000,0,0.000000,0,0.000000,0,0.000000,0,0.000000,0,0.000000,0,0.000000,0.000000,0.000000,0.000000,0.000000,0.000000,0.000000,0,0,0
201,0,80,,,,,m,0.000000,0,0.000000,0.000000,0.000000,0,0.000000,0,0.000000,0,0.000000,0,0.000000,0,0.000000,0,0.000000,0,0.000000,0,0.000000,0,0.000000,0,0.000000,0.000000,0.000000,0.000000,0.000000,0.000000,0.000000,0,0,0
201,0,81,,,,,m,0.000000,0,0.000000,0.000000,0.000000,0,0.000000,0,0.000000,0,0.000000,0,0.000000,0,0.000000,0,0.000000,0,0.000000,0,0.000000,0,0.000000,0,0.000000,0.000000,0.000000,0.000000,0.000000,0.000000,0.000000,0,0,0
201,0,82,,,,,m,0.000000,0,0.000000,0.000000,0.000000,0,0.000000,0,0.000000,0,0.000000,0,0.000000,0,0.000000,0,0.000000,0,0.000000,0,0.000000,0,0.000000,0,0.000000,0.000000,0.000000,0.000000,0.000000,0.000000,0.000000,0,0,0
201,0,83,,,,,m,0.000000,0,0.000000,0.000000,0.000000,0,0.000000,0,0.000000,0,0.000000,0,0.000000,0,0.000000,0,0.000000,0,0.000000,0,0.000000,0,0.000000,0,0.000000,0.000000,0.000000,0.000000,0.000000,0.000000,0.000000,0,0,0
201,0,84,,,,,m,0.000000,0,0.000000,0.000000,0.000000,0,0.000000,0,0.000000,0,0.000000,0,0.000000,0,0.000000,0,0.000000,0,0.000000,0,0.000000,0,0.000000,0,0.000000,0.000000,0.000000,0.000000,0.000000,0.000000,0.000000,0,0,0
201,0,85,,,,,m,0.000000,0,0.000000,0.000000,0.000000,0,0.000000,0,0.000000,0,0.000000,0,0.000000,0,0.000000,0,0.000000,0,0.000000,0,0.000000,0,0.000000,0,0.000000,0.000000,0.000000,0.000000,0.000000,0.000000,0.000000,0,0,0
201,0,86,,,,,m,0.000000,0,0.000000,0.000000,0.000000,0,0.000000,0,0.000000,0,0.000000,0,0.000000,0,0.000000,0,0.000000,0,0.000000,0,0.000000,0,0.000000,0,0.000000,0.000000,0.000000,0.000000,0.000000,0.000000,0.000000,0,0,0
201,0,87,,,,,m,0.000000,0,0.000000,0.000000,0.000000,0,0.000000,0,0.000000,0,0.000000,0,0.000000,0,0.000000,0,0.000000,0,0.000000,0,0.000000,0,0.000000,0,0.000000,0.000000,0.000000,0.000000,0.000000,0.000000,0.000000,0,0,0
201,0,88,,,,,m,0.000000,0,0.000000,0.000000,0.000000,0,0.000000,0,0.000000,0,0.000000,0,0.000000,0,0.000000,0,0.000000,0,0.000000,0,0.000000,0,0.000000,0,0.000000,0.000000,0.000000,0.000000,0.000000,0.000000,0.000000,0,0,0
201,0,89,,,,,m,0.000000,0,0.000000,0.000000,0.000000,0,0.000000,0,0.000000,0,0.000000,0,0.000000,0,0.000000,0,0.000000,0,0.000000,0,0.000000,0,0.000000,0,0.000000,0.000000,0.000000,0.000000,0.000000,0.000000,0.000000,0,0,0
201,0,90,,,,,m,0.000000,0,0.000000,0.000000,0.000000,0,0.000000,0,0.000000,0,0.000000,0,0.000000,0,0.000000,0,0.000000,0,0.000000,0,0.000000,0,0.000000,0,0.000000,0.000000,0.000000,0.000000,0.000000,0.000000,0.000000,0,0,0
201,0,91,,,,,m,0.000000,0,0.000000,0.000000,0.000000,0,0.000000,0,0.000000,0,0.000000,0,0.000000,0,0.000000,0,0.000000,0,0.000000,0,0.000000,0,0.000000,0,0.000000,0.000000,0.000000,0.000000,0.000000,0.000000,0.000000,0,0,0
201,0,92,,,,,m,0.000000,0,0.000000,0.000000,0.000000,0,0.000000,0,0.000000,0,0.000000,0,0.000000,0,0.000000,0,0.000000,0,0.000000,0,0.000000,0,0.000000,0,0.000000,0.000000,0.000000,0.000000,0.000000,0.000000,0.000000,0,0,0
201,0,93,,,,,m,0.000000,0,0.000000,0.000000,0.000000,0,0.000000,0,0.000000,0,0.000000,0,0.000000,0,0.000000,0,0.000000,0,0.000000,0,0.000000,0,0.000000,0,0.000000,0.000000,0.000000,0.000000,0.000000,0.000000,0.000000,0,0,0
201,0,94,,,,,m,0.000000,0,0.000000,0.000000,0.000000,0,0.000000,0,0.000000,0,0.000000,0,0.000000,0,0.000000,0,0.000000,0,0.000000,0,0.000000,0,0.000000,0,0.000000,0.000000,0.000000,0.000000,0.000000,0.000000,0.000000,0,0,0
201,0,95,,,,,m,0.000000,0,0.000000,0.000000,0.000000,0,0.000000,0,0.000000,0,0.000000,0,0.000000,0,0.000000,0,0.000000,0,0.000000,0,0.000000,0,0.000000,0,0.000000,0.000000,0.000000,0.000000,0.000000,0.000000,0.000000,0,0,0
201,0,96,,,,,m,0.000000,0,0.000000,0.000000,0.000000,0,0.000000,0,0.000000,0,0.000000,0,0.000000,0,0.000000,0,0.000000,0,0.000000,0,0.000000,0,0.000000,0,0.000000,0.000000,0.000000,0.000000,0.000000,0.000000,0.000000,0,0,0
201,0,97,,,,,m,0.000000,0,0.000000,0.000000,0.000000,0,0.000000,0,0.000000,0,0.000000,0,0.000000,0,0.000000,0,0.000000,0,0.000000,0,0.000000,0,0.000000,0,0.000000,0.000000,0.000000,0.000000,0.000000,0.000000,0.000000,0,0,0
201,0,98,,,,,m,0.000000,0,0.000000,0.000000,0.000000,0,0.000000,0,0.000000,0,0.000000,0,0.000000,0,0.000000,0,0.000000,0,0.000000,0,0.000000,0,0.000000,0,0.000000,0.000000,0.000000,0.000000,0.000000,0.000000,0.000000,0,0,0
201,0,99,,,,,m,0.000000,0,0.000000,0.000000,0.000000,0,0.000000,0,0.000000,0,0.000000,0,0.000000,0,0.000000,0,0.000000,0,0.000000,0,0.000000,0,0.000000,0,0.000000,0.000000,0.000000,0.000000,0.000000,0.000000,0.000000,0,0,0
